y_h,V_h,k_l,k_r,Q_G,t_G,y_l_ratio,IC_mean,IC_std,IC_range,IC_skew,IC_kurt,V_mean,V_drop,I_mean,I_std,T_mean,T_max,t_total,capacity,SOH
5.78086013963212,3.475,35.4592852346454,-26.6291957389736,0.49316332928441,927.422,0.693304418562686,1.4541272578238,1.72215280645389,5.6654573155785,1.09204809264306,2.86613281757998,3.55242094473453,1.55827276950664,2.01057735489279,0.00143270562295876,31.1408533012762,37.2500739611811,3451.094,1.92477608890906,1
5.60945635654569,3.48,29.9450271161579,-27.5119952355324,0.4810608777043,908.515,0.733084409497055,1.43767919769786,1.68454684157312,5.49100796231126,1.05748407009612,2.77124935755385,3.55391883579297,1.5199718581181,2.01043518496125,0.00179663183613626,31.3135177623499,37.3969905206759,3374.969,1.88223175260926,0.977896475052367
5.4231586219911,3.475,30.0301472200359,-23.57092765564,0.467662404272094,880.234,0.723130473279331,1.41124103920841,1.64414293364669,5.31234523858816,1.03663203401557,2.71048719462482,3.54882569977766,1.58718331453773,2.01031513021643,0.00143227723980833,31.1041392874663,37.2852066420257,3336.328,1.85527668788559,0.963892215087279
5.2554636878096,3.475,25.3777627779739,-23.062805984805,0.456992368966035,862.109,0.758558290138706,1.40481425285153,1.60958305861131,5.14404228371257,0.997874106173666,2.60978771422447,3.54478181083634,1.58913919327747,2.01007977074862,0.00140224326755233,30.7689055290432,36.9536590214798,3308.047,1.83925089171819,0.955566157703387
5.11152999120895,3.47,25.5744394521411,-20.2722081556733,0.446388514700897,843.093,0.749835768389062,1.39306863488829,1.57752828922366,5.00640402662464,0.965280466001481,2.52830486161018,3.53917229308668,1.66630819274951,2.01004647162541,0.00139719505821848,30.6695305119939,36.9394082033768,3270.859,1.81853960739944,0.944805797348702
5.09971312489731,3.47,25.8753785002875,-20.3989919725034,0.444320835702744,833.719,0.746305548306617,1.38548071710574,1.56833900395428,4.99246556541862,0.970269493880369,2.54164954406609,3.54065267665508,1.64857015678971,2.01042827300234,0.00136880746357682,31.1941259960273,37.598741245467,3261.312,1.81347700595671,0.942175568579803
4.98686245790177,3.465,25.9437086123051,-18.5208394134922,0.433986488737582,815.219,0.739879444928376,1.38112078032937,1.5370891924149,4.87539761736499,0.937388260799929,2.46638978230166,3.53722079984692,1.60405819613951,2.01005598878602,0.00154844530077714,30.9233062064586,37.316578000949,3232.594,1.79710184503054,0.933668001896842
4.85375532282824,3.465,22.7766801079368,-17.8418470851908,0.426417936958867,805.453,0.765370536903528,1.37499345909851,1.51312172678045,4.74432447180725,0.911881216688262,2.40868623415416,3.53256921159504,1.63194764499021,2.01001157305936,0.00131748565389248,30.8102839275254,37.3871500920148,3203.859,1.78100462941205,0.925304839183396
4.75230179650002,3.46,22.8033793110416,-16.1091167132874,0.417061624719584,787.094,0.760080690499962,1.37060655093483,1.48872695019503,4.64171076340088,0.886773654949764,2.35362004745514,3.52928199001631,1.63033452960046,2.00998871531276,0.0013214885835608,30.6498447963918,37.2260659823141,3186,1.77101304226823,0.92011380049511
4.69667181075438,3.46,21.4796160641536,-16.1485089853698,0.413286422020918,777.344,0.77133152017382,1.36490218973496,1.47299384381046,4.58265739320196,0.87857655489497,2.33707079255758,3.52856701449884,1.58899093095725,2.01036599354822,0.00145494866667248,30.8869883289013,37.5867738186674,3166.157,1.76047124481709,0.91463690502042
4.70394791069164,3.46,22.0533545006156,-16.6568560419152,0.412101458572681,777.625,0.765586748415195,1.35798804049621,1.46628104443669,4.58571400436066,0.887487894768149,2.35916801258932,3.52996689995014,1.54227338254196,2.01054719906138,0.00160795154155812,31.4735220912791,38.1167308811288,3147.672,1.75029137880066,0.909348047747569
4.60560947131275,3.46,19.6751404824466,-16.151988617699,0.405841350220667,758.312,0.786400251638808,1.34923077104069,1.44517709777262,4.49136506404929,0.8689538367233,2.31915290397731,3.52665192708855,1.59098402576569,2.01049482866655,0.00135293111171867,31.6391479383626,38.3404318860927,3128.329,1.73949250377326,0.903737589944386
4.70358417759477,3.46,19.3989356281489,-17.7406626422283,0.415386910807511,770.937,0.793785601621053,1.46316215008849,1.45340993985366,4.50367548653225,0.834229195322239,2.28379101017317,3.52169274900238,1.64229596660585,2.01030764882203,0.00148627844360178,31.3756424363195,38.2923009973341,3152.468,1.75467665536372,0.911626378504238
4.68509569836853,3.46,20.2641269107829,-16.6148487244334,0.412803597795253,777.562,0.783738388547332,1.36845282229622,1.46579651441506,4.56759014088726,0.874630917673803,2.33829263853436,3.52798320142279,1.57781801378381,2.01005817107073,0.00177994194602604,31.2522468524109,37.9903447696257,3176.75,1.76593909418422,0.917477676681409
4.50413302963262,3.455,18.4829846599591,-15.1521753021728,0.399158748075075,749.344,0.794821949769691,1.35993915140455,1.42057485057755,4.38101915394569,0.828676742131115,2.24631155504537,3.52039024240679,1.52971314502718,2.00977023572226,0.00141534617125289,30.9233448373873,37.8988224024417,3119.328,1.73378874196248,0.900774252108032
4.4056061956375,3.45,18.7320317788386,-13.720963647995,0.408298291240989,730.766,0.787406874933724,1.35173027061217,1.39016244821122,4.27880174503892,0.801902646627621,2.19606575393757,3.51644337307415,1.50649415301769,2.01009390679116,0.00139999264425176,30.8919546814635,37.8227721663758,3082.125,1.71332591204073,0.89014297398708
4.29241629265905,3.45,15.9379487947137,-13.4335436627261,0.401621786825944,720.89,0.814347587605017,1.34529046777919,1.36493830300407,4.16386911876412,0.77962797829826,2.15710131481248,3.51313981979209,1.50718473425947,2.01014589934949,0.00148162479297332,30.9231773333122,38.0653687267919,3062.562,1.70240778136735,0.88447055799215
5.58057793773246,3.47,35.0208554751802,-26.7234024032832,0.476166416778266,889.672,0.686225549880861,1.4087632706495,1.64415196290053,5.46636186249165,1.09803646162483,2.91628992257269,3.54087562140129,1.54982037034274,2.01015660123312,0.00135832876537397,33.6010380698539,39.7884404813503,3279.984,1.82371946178183,0.947496943821392
5.31283483520349,3.47,27.0229811064745,-25.5839441828894,0.456880450104762,862.172,0.745682089273538,1.38972114466412,1.59380997842932,5.20508054830901,1.03017181932063,2.72434475351033,3.53946753670374,1.63566886110732,2.01045317246637,0.00142669238549308,32.7929496988121,39.0534415144092,3251.797,1.80812840503147,0.939396751367736
5.02056036754773,3.465,23.0997709125583,-22.6443987474181,0.435560573557982,814.844,0.769948280456179,1.37765578332437,1.52919603136699,4.91026722871933,0.957881038423114,2.54892409254004,3.53140635683294,1.62109005089941,2.00964542429451,0.00137775327129313,32.0949761290272,38.5971500463795,3194.969,1.77576109450343,0.922580608069537
4.80199913844114,3.46,21.1282886431552,-19.3046676630242,0.421091845639751,796.312,0.780005284944575,1.3668896631595,1.48464509389699,4.69241791221402,0.909653569936189,2.43880262687109,3.5236050456591,1.63210526857057,2.00998534225834,0.00151419241874044,31.7826379444653,38.5170065164806,3138.515,1.74474098418368,0.906464390448956
4.65581438603386,3.455,19.6493535975178,-17.687181684719,0.409012768491494,768.219,0.788980487962962,1.36306551879605,1.44348132469253,4.53275215136961,0.870797305684583,2.35688059120711,3.5213359803677,1.51247437207796,2.01000386323694,0.00141065315820311,31.5328376097825,38.2580359464009,3110.719,1.72920703413237,0.898393867264043
4.56957487283094,3.45,20.6115295278862,-16.1350820942496,0.419472696813633,758.797,0.774469944125055,1.35356930397944,1.41730857407656,4.44575863544038,0.851060889065854,2.31894127069211,3.51720085404257,1.51138500129783,2.01009307668418,0.00154559358690396,31.6140177253303,38.4502837994799,3072.812,1.70810865525532,0.887432395434347
4.48407975515332,3.45,19.4128692582925,-16.1778700675171,0.413721889868888,740.172,0.783535638098517,1.34439172965274,1.39502526610502,4.36097424928718,0.837341611794334,2.29541134687971,3.51493742539619,1.53052680197184,2.01033472562864,0.00156307642453839,31.9538647512482,38.8439539105554,3053.64,1.69759542374618,0.881970341136329
4.36188617274968,3.445,18.3819214275852,-14.866597945196,0.385474290356172,721.735,0.789289303989363,1.338518204682,1.36058982878868,4.23336504764367,0.801437525068702,2.22490061192385,3.51042546179163,1.50235748800673,2.01017597851632,0.00131151361314181,31.7562337194461,38.7200683898695,3026.016,1.68206345240295,0.873900845971292
4.22069277963771,3.44,17.3473038474262,-12.4914038910651,0.377699950397677,712.015,0.794496961125477,1.3334658717709,1.33472264991918,4.09073409007819,0.773686943450041,2.17307905432597,3.50615540023978,1.50743804396207,2.01013341044528,0.00146515725540113,31.6921657991307,38.7482760113198,3007.125,1.67147683222951,0.868400663256825
4.13474797772145,3.435,17.9158568318828,-11.3720277282494,0.368388913739127,693.218,0.783350074437237,1.32744161851569,1.3088690672019,4.00843859898938,0.745433534981843,2.1279000763117,3.50052920367384,1.55699790676769,2.01015967104199,0.00146225204262062,31.6242877391479,38.8144213744277,2987.953,1.66075913870477,0.862832382568749
4.0869980287132,3.435,16.7332348176706,-11.3978736490018,0.365281776801591,683.782,0.79528697224575,1.3213030552114,1.29523206746348,3.96397031825679,0.73664962557766,2.11726314291648,3.49702741547399,1.59531391306119,2.01065277062518,0.00140636368112299,31.8428243543834,39.1244260556789,2969.938,1.65112101503807,0.857824982631565
4.01996299535526,3.435,15.2796807117706,-11.6206797751176,0.360235636241639,683.672,0.809952470589592,1.31500055057713,1.27481051397729,3.88855587803114,0.723467948745233,2.09523939360943,3.49725196156471,1.52992113152088,2.01037262335529,0.00156872104111295,32.167604220819,39.4097500481868,2950.703,1.64013492561909,0.852117259285312
3.93872723234306,3.43,15.6931653240574,-10.1591292702138,0.370604659724589,664.875,0.800783801488053,1.31079136953667,1.25245887806413,3.8065127113131,0.699397903013684,2.05740913365226,3.49266731070594,1.53911517713111,2.01023363751759,0.00142706578223749,32.0686537763504,39.2551218630861,2931.25,1.62919994161654,0.846436087295719
3.90429841806774,3.425,16.5374432833259,-9.800114529858,0.34851753314164,655.594,0.78821491709245,1.30792876585587,1.23108040522552,3.76214493559269,0.681640995546679,2.03250319085053,3.48914852833693,1.47285933166797,2.01027799084665,0.00416118536699641,31.9824754114092,39.2886526573225,2894.859,1.60884963029617,0.835863267195947
3.75523232516855,3.425,12.61613940632,-9.17523343728091,0.3404635374257,646.39,0.832019189308697,1.30001827730087,1.20276684701928,3.62476343882049,0.643672426171868,1.97554084831481,3.48162385499511,1.58367111933052,2.01022658849745,0.00146449714947924,31.830288264896,39.3728421617488,2885.281,1.60352448989692,0.83309663868787
3.76510540203813,3.425,12.4483248658305,-9.69222492908788,0.340480097966232,637.219,0.83468822866032,1.298567178962,1.20002847786243,3.63148354428042,0.649276967518766,1.98922690557586,3.48144966296708,1.56015527034099,2.01094298214052,0.00212687460247328,32.1277952607723,39.6763513251598,2876.141,1.5989712144028,0.830731025606762
3.6459834557448,3.42,11.9931614682494,-9.23487409004981,0.328635003579684,627.469,0.83552912933063,1.29196374753446,1.160928643622,3.50736750699026,0.603800199806344,1.92384364523346,3.4766288220976,1.54431667284496,2.00985247417201,0.00133616294530262,31.7998881776082,38.9317771675921,2857.282,1.58762731235756,0.824837403948324
3.64851211328861,3.42,11.9145976954931,-8.31774558096434,0.330070477780947,618.219,0.836719773355038,1.28759311283499,1.16634999254216,3.50739697902781,0.619826877415441,1.94612003559433,3.47939531459972,1.52074419545826,2.01024341440579,0.00142172970132446,32.002250494278,39.1386286770884,2848.48399999999,1.58297197446862,0.822418765273535
3.58832018494439,3.415,11.7909417283731,-8.0465315056023,0.323514375237014,609.109,0.835703879243488,1.28439591735205,1.14356270790643,3.45234038575402,0.590293218700224,1.91145597036352,3.47032387604213,1.56780259934915,2.01015834515694,0.00133560500225352,31.9017841633278,39.1570670723239,2820.156,1.56713763671356,0.814192178375301
3.52340746340495,3.41,11.9279459934098,-7.46379952989301,0.333924178468331,599.344,0.830732804574882,1.28200157291374,1.12409126255254,3.38578893179671,0.567408241250598,1.88333296691241,3.46694350305392,1.56739022331465,2.01014493021299,0.00153672317316154,31.8031126066007,39.1155606470712,2809.875,1.56134461397139,0.811182465829746
3.47007408107336,3.41,10.2080129089986,-7.40569315701646,0.331039903356145,599.563,0.852913616964612,1.28025401149343,1.11080988505188,3.32559974002641,0.556098261769376,1.87016663503451,3.46485279164774,1.52183982510739,2.01024347022407,0.00144545274982098,31.8381036783092,39.1430830799853,2791.547,1.55117118927904,0.805896955088539
3.44596735387851,3.405,11.039602624703,-6.90720080161034,0.312714791218021,589.937,0.839818525670627,1.27566959657987,1.09998504748183,3.30925248955502,0.543012740371204,1.85950089312152,3.4608450215437,1.58781912128454,2.01041408029254,0.00155784527340917,31.9409328010356,39.324813758036,2781.969,1.54067416062952,0.800443318839621
3.39524942881043,3.405,10.1382125424095,-6.86581043597349,0.308169903322071,580.985000000001,0.850700033164256,1.2706451506148,1.08507594478744,3.26015793570266,0.522602899052079,1.8321359051211,3.45617772056414,1.60127058901325,2.01040444661859,0.00159054953967938,31.9713848871186,39.4040951068289,2754.438,1.52531387446244,0.792463021154305
3.34804896384754,3.4,10.0902198824593,-6.39462424655785,0.305103456794312,580.719,0.849311942695371,1.27141915850774,1.07019670947893,3.20131297763143,0.51233534951046,1.82558267907782,3.45687562166179,1.52004540850192,2.01030326082325,0.00160166375582622,31.977659424691,39.3609882683472,2753.813,1.53015703180674,0.794979239727575
3.28040005125051,3.405,7.15020437194567,-7.21805124433181,0.301185567358061,571.218,0.89101627453609,1.26721055197717,1.05727150893588,3.13933680220365,0.492303713492428,1.80214641975567,3.45301140865221,1.56567508647019,2.01037641879288,0.00158219649837427,31.9899548422334,39.4636839950476,2743.922,1.52465668344741,0.792121583509261
3.29229269282718,3.4,8.28786332266437,-7.21385284091465,0.299325379628421,561.969,0.874132343386102,1.26829840177912,1.0465872820685,3.13698450458143,0.488562301730251,1.80269942569042,3.45271162124012,1.46494061315318,2.01036346694418,0.00141939437144105,32.0078174180939,39.4068889778701,2725.781,1.51454929866554,0.786870383205959
3.2450893847807,3.4,6.95652988929995,-7.10962222420573,0.296017608612633,562.125,0.89281451041186,1.26452196252389,1.03583905624129,3.09534882432218,0.472682243516302,1.78703991265538,3.44905323964351,1.50263041637516,2.01025867064138,0.0015954276902933,32.0278429485853,39.4898134270898,2716.671,1.50939150460208,0.784190697972347
3.19589402312088,3.4,5.77986530817383,-7.33743304749661,0.292608006512867,552.421,0.909573576808883,1.26141053884152,1.0241848879085,3.05115309399011,0.455893636751267,1.77467648392675,3.44509608759819,1.54097769691557,2.01033611002441,0.0014296759252944,32.0018641107472,39.5390894115952,2706.875,1.50399743330507,0.781388257040078
3.16971799205272,3.395,6.59518981885607,-6.75477970798683,0.289821696381266,543.313,0.895965668942918,1.25979299592957,1.01149120291079,3.01764460336674,0.443620145169137,1.76444590868725,3.4432897062789,1.48955001384667,2.01022782540911,0.00136079573580595,31.9612399619202,39.4767428002301,2688.313,1.49352019180402,0.775944901025098
3.0984693306602,3.39,6.43350701900884,-6.19988113553599,0.283539336269501,533.813,0.896182496380592,1.25784634536331,0.990676414791201,2.95786123953881,0.401451566924785,1.72685597542362,3.43682082126016,1.57066327363198,2.009937171167,0.00166079379400664,32.0665227310882,39.8357735081891,2687.562,1.48763230244974,0.772885901389658
3.29256421124613,3.4,7.89057834859563,-7.41844752940228,0.300291816006175,571.578,0.880175786372754,1.27187990804419,1.05317893458258,3.15236809715134,0.47602000275679,1.79108486917264,3.45268793567926,1.57814110031106,2.01020162763828,0.00143909068826594,32.6573597052824,40.4189385783192,2763.594,1.53028762144017,0.795047086389938
3.14797339531624,3.395,5.72056512707287,-6.92075421893563,0.289472600271795,543.547,0.909138921955562,1.2672100092234,1.01104561434131,2.99728329392617,0.423638332273277,1.74086075290637,3.44232436811061,1.50221419493026,2.01000098445268,0.00133965033999166,32.1497329215942,40.0245144902178,2707.625,1.50407600883601,0.78142908024616
3.08796019914729,3.395,4.01361300077829,-7.23870125024979,0.28369835972533,534.328,0.935011905239475,1.26187583445569,0.992273740741967,2.94834054820743,0.394499628849317,1.72405351205248,3.43397222318065,1.58524337187884,2.01012262377165,0.00139641213849616,31.9455098798224,39.981672504646,2689.297,1.48875936087309,0.773471454394936
3.07170808890722,3.38,6.97650013466125,-5.2392368034934,0.282524831550132,534,0.886439402235921,1.26041773862605,0.982521356975493,2.91556051483071,0.395457637675107,1.72833569095369,3.43424620049294,1.46540616180841,2.01030549751572,0.00167381859732466,32.0560147039649,40.0426948553111,2660.906,1.47827792855466,0.768025921078712
3.09125894031142,3.38,7.07496737485836,-5.37605920519618,0.283580598536922,533.812,0.885564950858734,1.25630360192094,0.985473282849671,2.93927152827388,0.406752646583974,1.7438571650798,3.43510974047742,1.48644077001943,2.01100735591513,0.00157467141493288,32.5485992898618,40.5442649366402,2660.25,1.47845998221568,0.76812050541092
3.06894230302706,3.385,5.62189832911258,-6.17867489908991,0.282163376307987,534.156,0.90840658158403,1.25217984133266,0.980232816694429,2.91461987588536,0.40592375222204,1.743617268632,3.43562260390117,1.46889993533872,2.01044363478266,0.0015100926010351,32.8153275713775,40.6822077962657,2651.656,1.47321484489997,0.765395441780956
3.04429510194243,3.38,6.08571414240495,-6.25070099884098,0.279214291888578,524.625,0.900047236903513,1.24883277960518,0.969310225355862,2.89822546439614,0.386426172158011,1.73447160356956,3.43042628145106,1.52481554753774,2.0105146151638,0.00152678559894669,32.7392276195555,40.6653480961031,2641.375,1.46751649350679,0.762434914878103
2.9708354650912,3.375,5.7703493130799,-5.15207347745125,0.274082346304884,514.984,0.902883391206205,1.24520418335375,0.950974596659759,2.82773913156284,0.355660234333817,1.71182181205779,3.42460502132902,1.54980266391462,2.0103261789169,0.00141436327019451,32.5191743316336,40.4931205783376,2622.578,1.45162926575213,0.754180849459168
2.93236603828667,3.37,5.37548636154648,-5.03760562578992,0.283699123981821,515.079,0.908342166507165,1.24510053565602,0.934951019105469,2.78713302693145,0.330611100413507,1.70098226107034,3.42085418140607,1.53160266976497,2.01022633218191,0.00148818335296105,32.2990732651251,40.3268416534286,2613.797,1.45192377209672,0.754333857565556
2.94586441752436,3.365,6.33528739881112,-4.1012765830572,0.285746012028251,515.109,0.892471504100397,1.24643909157975,0.940638152165141,2.78938227268029,0.3509077184254,1.71553150371243,3.42369057828006,1.4508620798196,2.01066465646982,0.00143265337778777,32.5722323101607,40.6293362285827,2604.687,1.44714846947777,0.751852892300838
2.95885621594323,3.375,4.28463619627097,-6.12372436206718,0.272875837122275,515.171,0.927596410849841,1.24169381206024,0.942894054056976,2.80996244394539,0.356397243193627,1.72356463311967,3.42354730081804,1.49868806253977,2.01058228324201,0.00152891189897344,32.8996099073823,40.9584135721697,2604.344,1.44685381056599,0.751699804929541
2.95039374384527,3.37,5.21771413718116,-5.6653631401707,0.28516761876469,515.484,0.911575969341962,1.24084266056471,0.936871603585221,2.79595732835469,0.353324172455092,1.72380081604115,3.42341844184368,1.45939263649737,2.0104692346019,0.00155126932616153,32.945642504131,40.9753474804203,2595.125,1.44167419302847,0.749008781507458
3.46309010812513,3.38,10.0043095617278,-8.25614827934344,0.31532952766911,590.218,0.855558052932906,1.30505819876226,1.08252816658549,3.31430310591634,0.537273085442673,1.92313696982384,3.45558334669073,1.50904989116161,2.01056415888156,0.00149416878680527,32.7422188521197,40.7091255804395,2867.015,1.59358665931001,0.827933528732288
3.52920036997522,3.395,10.4991252772999,-9.59357438983087,0.318040754346872,599.531,0.85125348270643,1.29008597136481,1.10825485423103,3.38160574651667,0.553255795720227,1.90834803198396,3.45639005216208,1.48178069806644,2.01070750646709,0.0015482291205675,32.9167981311827,40.4647646014452,2782.297,1.54639023769156,0.803413054953336
3.38479237177762,3.385,10.3635411650693,-7.87840924368566,0.306845217327491,571.453,0.846910238106768,1.27450398098174,1.06766978724716,3.23977179129909,0.513873235581,1.8665641114007,3.44684232672443,1.50204375603415,2.0103551966252,0.00148240648774433,32.9225465944368,40.5487806352889,2726.093,1.51470559175661,0.786951583867152
3.27937993987251,3.385,7.74431069172267,-8.18042719086912,0.298361964218232,562.14,0.881924161980089,1.26529050353367,1.03674370912843,3.1375965455011,0.47535070369637,1.82849284646391,3.43984977556828,1.53311324799858,2.01023509333324,0.00153070324511247,32.7473993064299,40.4597347230945,2698.031,1.49897860833354,0.778780771940668
3.20143131788887,3.375,8.296520246328,-6.65261533844461,0.291493857407894,543.203,0.870424828420199,1.26027454386884,1.01053771053502,3.0509505837431,0.449253399831578,1.80449257729945,3.43571114874764,1.48006974082899,2.01032925779151,0.00146698614225078,32.5900012224449,40.3235584895084,2669.515,1.48311107454105,0.770536938341569
3.13746816144842,3.375,6.87162245091462,-7.08597761107438,0.287381908455791,543.157,0.890490961225527,1.25354681876667,0.994077664974558,2.99422819355298,0.427601588584149,1.79070540604414,3.42989461576153,1.53492731261443,2.0104743175662,0.00145601098939592,32.534613093319,40.3514468052718,2651.266,1.47296648254683,0.765266407367771
3.11010313321584,3.37,7.54032329988303,-6.42085235838541,0.298859359805209,543.375,0.87877695727591,1.25020636841171,0.982608389673928,2.96116023263024,0.419780394264664,1.78844323855381,3.42848320323196,1.49126157845307,2.01048996204004,0.00156480656386542,32.6073634282419,40.4339795514842,2632.843,1.46276043960993,0.759963950112765
3.08281808913856,3.37,6.90755894135088,-6.81368398986922,0.296128749602819,533.937,0.887966809237177,1.24494920639852,0.972501509928636,2.9412151613688,0.406594184938962,1.78435844161612,3.42450861917282,1.54483310472331,2.01042760571196,0.0015799482232736,32.6687147051616,40.5232941312867,2622.766,1.45183646810625,0.754288499567309
3.03716702529889,3.37,5.8607478249018,-6.95511799408256,0.293062984118834,524.672,0.903516208096507,1.24080343236223,0.962127928493365,2.89435771456711,0.396089160751728,1.77595306994013,3.42194395973225,1.53539476587208,2.0103541542297,0.00165505617611444,32.697285793795,40.5588889752628,2604.641,1.44686706440304,0.751706690840649
3.01120756145598,3.365,6.09807522860747,-5.79234800602865,0.290781444324671,524.375,0.898743691622857,1.23949212891211,0.952807122172851,2.86493507319695,0.387179742304448,1.77109151637734,3.42043012176276,1.51292860411423,2.01037291364081,0.00161077776146057,32.7126606979406,40.5842000570201,2594.719,1.44138039942778,0.748856143700711
3.0037886785569,3.36,6.94869618139388,-5.56858737281335,0.275309220115484,515.313,0.884334470147677,1.23560693617369,0.945988803016072,2.86216586450968,0.377425962123401,1.76748063408365,3.41766340956144,1.5440652408153,2.01032491174301,0.00145986724920228,32.7758121096079,40.7077070513173,2585.953,1.43121074496077,0.743572591745965
2.98016695764511,3.355,7.76064640181534,-4.82768139358974,0.272746657763889,515.422,0.869795106916633,1.23278339632141,0.939363626618039,2.84078620326773,0.369514136346319,1.76558580047086,3.4151945927007,1.5604289959205,2.01025333073809,0.00143180324962169,32.7931605900329,40.7581773163637,2576.75,1.42602471795257,0.740878238341387
2.95656773760431,3.35,8.37163267848551,-4.5248712389051,0.270005595054257,505.906,0.858423120633979,1.23125697280396,0.928883298105562,2.80589328204979,0.363776837687031,1.76357288499854,3.41490996222898,1.47999765440523,2.01037090570982,0.0015304975139041,32.7785462669759,40.6842226833791,2557.297,1.42048764996619,0.738001504773112
3.04155651878988,3.355,7.64388954017849,-5.37212530194097,0.278686964201553,524.469,0.874342470821162,1.24029979186731,0.956057986519001,2.90364509086063,0.396214538918022,1.803347334677,3.41273009661085,1.52966146726836,2.0106113401246,0.0014430912887729,33.0825106934832,41.3456207742137,2566.813,1.4207006230355,0.738112153004111
3.16065422659775,3.375,6.80045836160571,-8.4288617587963,0.287581540420304,543.359,0.892420083405866,1.24234235980159,0.990167777144351,3.01158211749797,0.447627666374407,1.8271260185799,3.43023806975049,1.47861061179446,2.01072314508038,0.0016585210956397,33.5035844649525,41.3586323185077,2613.75,1.45225580433084,0.754506361908287
3.06443993453187,3.36,7.74492548787038,-5.93654276336753,0.28086352609279,524.765999999989,0.873632284310812,1.23493324422233,0.961569652289252,2.91476404912785,0.419996386108152,1.81539241094406,3.42183112732686,1.47555786161428,2.01058713046085,0.0014633888769604,33.3880749857426,41.3288005919683,2576.85900000001,1.43155763277257,0.743752814169651
3.02060953238486,3.36,7.07104084384894,-6.33810746347569,0.276047597306053,514.969,0.882953411090739,1.22722452629958,0.945645228586541,2.88414346455992,0.392059796454273,1.79684336206348,3.41386543021784,1.5698486081341,2.01040116777254,0.00151406456637175,33.2731049327903,41.3244293421018,2556.891,1.41501575115894,0.735158629262147
2.96817078158778,3.35,7.85671294284796,-4.95041970949877,0.271093257468045,515.312,0.867650591543033,1.22639420658431,0.928501811260116,2.81983240432142,0.375895253174064,1.78575176875608,3.41199510612536,1.48974425956711,2.01007512644113,0.00326114102279121,33.0807973857658,41.0941287848339,2538.484,1.40973115065175,0.732413062888142
2.94110013842268,3.35,6.83018663318465,-5.19483238132124,0.269841435420135,515.203,0.883883813679876,1.22444119063865,0.920093416060337,2.79122222514792,0.368187237280184,1.78699871906765,3.4101462157422,1.4785148110412,2.01092602661377,0.00145670072508327,33.1002740132609,41.1686407808826,2528.75,1.40491731812931,0.729912079760715
2.95308897297762,3.35,7.42316387185546,-5.51566976525976,0.269860777438619,506.046,0.874315268862851,1.22064241035567,0.919581398940819,2.79745356454425,0.378668159841331,1.79351391454799,3.41121736662075,1.43827621160871,2.0107988860683,0.00143573801108447,33.3707867504284,41.3815243514052,2511.469,1.39516429657156,0.724844985663929
2.93977437679996,3.35,7.04068937171173,-5.5644576009876,0.26837135241974,505.905999999988,0.880251195001983,1.21661924522775,0.914460633988854,2.7888805016975,0.37260004208797,1.79328923202069,3.41013386785576,1.46603886552064,2.01037739884939,0.00172511355138609,33.529734755274,41.5470938130409,2510.82799999999,1.39453438326141,0.724517719903623
2.91530232817696,3.34,8.40591479035006,-4.92198189398367,0.265289516783589,496.906,0.85583116527735,1.21431498271838,0.901912334176981,2.77060835310401,0.351094924263355,1.78883277519373,3.40436980116275,1.50866704872463,2.01026746212444,0.00375958785208399,33.3242731444814,41.3916926432011,2501.593,1.38931711793126,0.721807136911551
2.87897202854316,3.34,7.15317813674694,-5.10955641471064,0.263692530014588,496.547,0.875768537071084,1.21290639724171,0.89509326981206,2.73412755214668,0.340545712740288,1.78229756117404,3.40174259202029,1.50761909553876,2.01049578115198,0.00256103186334541,33.1780896673195,41.322604900194,2491.562,1.38383794723278,0.718960483355298
2.88853531957411,3.345,6.43641338569576,-5.73650946024308,0.264020324608292,496.437,0.888586901775452,1.20837798220609,0.897168211888265,2.75107298897604,0.345102849922717,1.7882356868827,3.39986452300625,1.55918825215758,2.01094558763973,0.00130550055895244,33.4241614717522,41.6059138505025,2482.172,1.37368142381951,0.7136837535207
2.88481729060724,3.34,7.3675701682834,-5.00319378148973,0.264581943557929,496.625,0.872304388352918,1.20739407488771,0.897703367698492,2.74077661429283,0.355887227558835,1.7982522812266,3.4028945608132,1.51082762657452,2.01051551394555,0.00153866294017051,33.6834701495389,41.7707159954978,2482.156,1.37860598918637,0.71624226689544
2.87457298351739,3.34,7.06562991810169,-5.43209057911664,0.262656312003087,496.454,0.877101225840925,1.20528500839773,0.889227659930436,2.73021141133566,0.345788858035387,1.79583204349622,3.40057233834346,1.50824137104065,2.01043884298484,0.0016179966691587,33.5517033866161,41.6416514281012,2473.532,1.37376002991086,0.713724592604164
2.8312759933036,3.335,6.73018698243854,-4.77605200388058,0.259605383699179,487.172,0.881145691936137,1.20389941786593,0.879294189441746,2.68779998841498,0.328134526017681,1.78716165958534,3.39693703187185,1.51601943693714,2.01039156118082,0.00158453177042846,33.3712842733403,41.5107806076593,2463.782,1.36825805839427,0.710866093089187
2.8191405145407,3.335,6.34995857335131,-5.31499550725585,0.258222708347036,486.89,0.887377756791491,1.20321786309587,0.872009202042093,2.67537934716959,0.317166630487012,1.78621012778295,3.39391126832862,1.51321475895191,2.01072089595,0.00147777843879438,33.21126045437,41.4162620665567,2454.516,1.36330240373175,0.708291427552205
2.8316716131022,3.335,6.6442681368986,-4.96934363337658,0.259232655847939,487.266,0.882679402050799,1.20237970738745,0.875334256459499,2.67915785709806,0.333895374933414,1.79309913991243,3.3968883750195,1.45062075755855,2.0108221812054,0.00148973146193384,33.4408065452043,41.5832515228609,2444.969,1.35809661401726,0.705586806612405
2.85726566469975,3.335,7.50042603394091,-5.16513243138119,0.260531856012409,496.532,0.868748185956152,1.19720487345674,0.882348468002366,2.71588962287495,0.346385628958069,1.80691935281334,3.39639566017279,1.52373291063992,2.01105559225384,0.00152730879662394,33.8083663743054,41.9743594773275,2445.516,1.35326909099953,0.703078710712032
3.03820980938644,3.345,8.54086765167967,-5.65086885000376,0.277523939785667,524.484,0.859442431768653,1.22251959042406,0.942984703305099,2.89735801946122,0.420661584967869,1.85526980176333,3.40350887404844,1.48613632986557,2.01072285432812,0.00133336326231778,33.6042359835406,41.6167923236095,2491.875,1.38416057382375,0.719128101081239
3.02954004426785,3.35,8.70546517195468,-5.55982045035454,0.275361523821179,515.047,0.856323649056461,1.21761161041573,0.943695762612285,2.88570311798729,0.412658833265539,1.82630114453157,3.41419856987777,1.50561128427523,2.01079577352901,0.00244753253611627,33.7972706895842,41.7577272003914,2529.328,1.40514677906515,0.730031294113574
2.94421083801547,3.34,8.22539523579168,-5.10477219711335,0.268546385344049,506.109,0.860312394588291,1.20986587857517,0.91412354893795,2.80499640876627,0.377435479134627,1.81288569602317,3.40257335490257,1.54020463896403,2.010371730487,0.00139745436815042,33.5214841673381,41.5952727508045,2491.953,1.37871902262735,0.716300992396883
2.87788498624066,3.34,6.52437180901104,-5.76839964003734,0.263778894068863,496.532,0.88664641151046,1.20603975096958,0.891877279691977,2.72984692876356,0.354732749342254,1.8050882615229,3.39819234314826,1.48428097460006,2.01026778190278,0.00152273047501704,33.2223095005025,41.321561128671,2464.047,1.36826577831991,0.710870103906694
2.8639439403822,3.335,6.84354871454708,-5.84640473645151,0.260668657730095,496.219,0.880522299720124,1.20042513000715,0.881513515485862,2.72517487923969,0.339027017193346,1.80389404530597,3.39288148090676,1.54864804876442,2.01032129167138,0.00147193795962479,33.1656402512436,41.3655013082937,2453.719,1.3573151296618,0.705180793487054
2.82470750580988,3.33,7.31259478714914,-4.99256335930161,0.258280575235094,487.187,0.870560141676465,1.19759287569927,0.872099822810351,2.67721011800844,0.334617559753917,1.80252570427394,3.39251666211611,1.48756698541811,2.01006034874046,0.00139583168947805,33.1447125121722,41.2942068326222,2435.953,1.35249346388016,0.702675740660689
2.8181251754415,3.335,5.88640280134807,-6.23527844143011,0.257555551581985,487.172,0.895561722157607,1.19405110492744,0.865698557042469,2.6727028873923,0.328806016431864,1.80560698632564,3.39013122188747,1.50126289565096,2.0103737546961,0.00151866391814896,33.1339468290909,41.3365078993042,2426.468,1.34740991516612,0.700034628926535
2.79946185477853,3.325,7.66316129044133,-5.12316623672215,0.267732910547698,487.141,0.863131528701477,1.19040427103197,0.859037200717519,2.65678940429567,0.320410589639193,1.80396480794542,3.38764210238288,1.51975567991158,2.01022378037742,0.0014440278365778,33.113914195712,41.332880919556,2417.343,1.33700751308423,0.69463015505457
2.77395505520756,3.33,5.82656310600898,-5.99825953902536,0.25371743815097,477.641,0.894977333986167,1.18800286456878,0.850796310692984,2.63098560488327,0.310429055117666,1.80334336211992,3.38507649921231,1.5193790203279,2.0101671511287,0.00136758463344276,33.0125664381172,41.2551034223273,2407.172,1.33123529667185,0.691631252249387
2.75049022448016,3.33,5.23964464234364,-6.0345308090008,0.252190806875127,477.828,0.904750713241784,1.18539322288902,0.843202715641809,2.60048310330451,0.306573760430612,1.79999714994328,3.38406798867161,1.47214106191042,2.01021484306117,0.00137349386041397,32.9424535040276,41.1590982656866,2388.234,1.32593037817276,0.688875129846549
2.75575466329646,3.325,6.36566747122988,-5.79889155123387,0.263861420127113,478.093,0.884502282514235,1.18225416899732,0.841409643726494,2.61515872410295,0.302925120385207,1.80835436743209,3.38136584995118,1.53333725453195,2.01049906274363,0.00141302418570425,32.9873222238175,41.2758031769665,2389.328,1.32157874386753,0.686614277620511
2.73099701933773,3.32,6.56156823974568,-4.9063092886685,0.250472320893363,468.375,0.879868630516908,1.18127347249943,0.836408271249263,2.58163428221845,0.302721625239549,1.80534038521108,3.38237767920827,1.47599343444573,2.01028332263574,0.00140671553977335,33.0171603358981,41.2578600637434,2379.609,1.32122507406611,0.686430531675485
2.71164167419312,3.325,5.24476551282655,-5.8172952744053,0.261419216095381,468,0.903291692948568,1.17953423814629,0.830200618547751,2.5583497287936,0.298993766478548,1.80539144517951,3.3815047293332,1.4517980009873,2.01016851856559,0.00144651702185921,32.9540809886067,41.1986790249469,2369.781,1.31564853018627,0.683533288763972
2.79581441269603,3.325,6.84568908889071,-5.21930930390926,0.268822364902541,477.688,0.877572540977616,1.18484550836533,0.859214902200804,2.64949299367186,0.337382433680437,1.82560361469344,3.38449667978356,1.45878441089143,2.01012850909375,0.00132841619407683,33.316179544699,41.3301531774621,2379.344,1.32090256975024,0.686262977476465
2.85221323906758,3.335,7.01490874455333,-6.1659123641717,0.259883812191599,496.906,0.877026923364844,1.18489097168361,0.877051599835778,2.70706259507219,0.361023653138362,1.82206297143807,3.39639148784012,1.50224382565802,2.01024281697912,0.00150541191784948,33.1897812915759,40.8469501351724,2426.719,1.34743287672739,0.700046558397916
2.78614543192632,3.33,6.36615575811552,-5.84306629688215,0.254730542615401,477.703,0.885753347884034,1.17861059272335,0.853189791289744,2.63073271195921,0.343621216220388,1.81913846935617,3.39123889204842,1.44058389791087,2.01026047751983,0.00133044314668028,32.9668635621706,40.62954678107,2388.297,1.32601280723536,0.688917955120134
2.74301139994423,3.325,6.11713249139885,-5.67053152414595,0.263453976485941,477.719,0.888496043226011,1.17340062509068,0.839708889073773,2.59656111908578,0.321168724858082,1.81525539941982,3.38281462129564,1.49165055730973,2.00999583778195,0.0013847919324474,32.8177365977578,40.558399669887,2369.594,1.31011867848311,0.680660304350343
2.72835148546087,3.325,5.44108833823385,-6.46383326469468,0.260982861312108,477.719,0.900286155078829,1.17193621503203,0.827629978754244,2.57312780704812,0.313447863203446,1.81914410432566,3.38056581829124,1.44070709922236,2.0102635591035,0.00148213133137742,32.5454380502023,40.2935863990587,2351.047,1.30521620229393,0.678113267207984
2.73835591496306,3.32,6.93457464166153,-5.35591580993009,0.249956348193258,468.453,0.873380691608252,1.16569917286575,0.835106451264093,2.59822771091732,0.323845924068061,1.82593765685678,3.37901684222097,1.53083768864757,2.01046119757633,0.00137859041290209,32.8986572933027,40.7344817132999,2351.531,1.30040619513558,0.675614271513852
2.72777885020381,3.325,5.84057981431745,-6.21397186007076,0.261948246414971,468.266,0.892942570951435,1.16293736804063,0.832328125877507,2.57952286760378,0.331445982765941,1.83048980228419,3.3816996632194,1.47743302784901,2.0102191767574,0.00152424061491083,33.0998020657299,40.8262578141367,2342.219,1.30023573584112,0.675525710929873
2.7021540474091,3.32,5.82175499594563,-5.82340911844796,0.24648499243199,458.562,0.892275664269998,1.158256216777,0.821422849528651,2.56145006606072,0.311754191179645,1.82398842656263,3.37610454298974,1.53154041263058,2.0101448270863,0.00167670668180713,32.8934111356524,40.7290057167522,2332.515,1.28950667224808,0.669951523025699
2.65670486990977,3.315,6.21566422747131,-5.33804785476932,0.243145819833682,459.218,0.883019293978213,1.15568969173515,0.807048674155087,2.51016616012804,0.293299346377315,1.81561368826994,3.37284929887194,1.49248452559061,2.00998268983688,0.00141278032171133,32.5920099468593,40.3794225195475,2314.172,1.27925305738479,0.664624350206812
2.64383513416273,3.31,6.34359032759865,-5.07055953580092,0.24144694502902,459.11,0.880030523733705,1.155664751815,0.799557960995401,2.48953553735505,0.288645275989699,1.81771444800884,3.37214290667496,1.44784643141722,2.0104015847249,0.0014789406469098,32.446216889979,40.2482633635342,2304.344,1.27920781717146,0.664600846063346
2.66997567131616,3.31,7.24657573891443,-4.89814722884313,0.242856308651165,458.859,0.864295097952293,1.15206848562774,0.807233028762986,2.52137085225146,0.307287686753763,1.83177248056482,3.37327500380916,1.47765084453434,2.01056419876805,0.00157387404302245,32.7474294786668,40.595746610634,2304.219,1.27403676090292,0.661914270571093
2.63882824427275,3.315,5.78587525945891,-5.25993089707663,0.241904662749627,449.688,0.890370370409358,1.14807370961359,0.800790829687558,2.48777608499207,0.301926701351804,1.82658032582425,3.37317556006,1.46378632449385,2.0102971296285,0.00149928174750091,32.8030530073061,40.6099106069763,2295.359,1.27412739230015,0.661961357293411
2.61309224227917,3.31,6.0792268163349,-5.17082228607631,0.238335549639957,449.656,0.883677531202792,1.14387548273913,0.788058165181927,2.46117594932997,0.284172498718517,1.81963375542226,3.36882379100844,1.45845645527755,2.01024779527311,0.00154094808820038,32.5353208113931,40.3422828520572,2276.703,1.26376394264408,0.656577120801808
2.57794917639872,3.305,6.057996284069,-4.56697439965754,0.247863441931601,440.219,0.88250357416798,1.1434515350678,0.776619481064334,2.41860995068798,0.273684858769175,1.82258903122195,3.36696963087519,1.42096339589938,2.0101536994918,0.0014620392721695,32.2994087540792,40.1313756921065,2266.844,1.25813736889552,0.653653885324718
2.57550016968569,3.305,5.678892967875,-4.9612394334801,0.247336899473937,449.782,0.889751648345494,1.13872684826604,0.776493397718779,2.43229649825973,0.266788198456323,1.82598948185683,3.36189665853736,1.51390725053051,2.01028227500293,0.00152363896538639,32.2556465032542,40.2205346653924,2267.313,1.2532598640553,0.651119821820746
2.58954820646923,3.31,5.40810793321547,-5.21140531855982,0.23702123426499,440.672,0.895578156844023,1.13585172614381,0.782064086090515,2.44614572209011,0.282429305266583,1.82947407944394,3.36512877219062,1.51345899120396,2.01043238033712,0.00146781502648638,32.5957950563662,40.5764503123188,2267.141,1.25323133154934,0.651104998015461
2.57008987954599,3.31,5.40138991922804,-5.29874692106763,0.235302478265988,449.562,0.894918267991037,1.1324217676275,0.774629059778303,2.41635054203983,0.282982068289508,1.82583027248382,3.3658660808537,1.44938736977641,2.01065399304818,0.00146398964102322,32.5364365237195,40.3600605831001,2248.266,1.24808749603136,0.648432564817842
2.63650426520642,3.31,5.64802156805921,-5.4050134509199,0.241182486093945,459.218,0.892888063133534,1.14916931520211,0.796537176567655,2.4801991911375,0.302463037637077,1.83459699764787,3.36418920756335,1.40467729743287,2.01052792821394,0.00129666812174188,32.407757861812,40.4866997087063,2257.954,1.25343542849448,0.651211034736469
2.69249409945653,3.325,6.17701254549206,-5.79605895067872,0.257883359869233,468.219,0.885291994757967,1.14854673303853,0.821860357401156,2.53901246682817,0.326566402708063,1.81131221629116,3.38425371067611,1.45223064545984,2.01071604561878,0.00163758771636777,33.074200127362,41.3011316440964,2322.985,1.28980487732669,0.670106452775883
2.64126104690469,3.315,6.56524687116151,-4.99751722982603,0.241454323550091,459.406,0.875717569097243,1.13677717737689,0.801875329757285,2.48970188078124,0.320809166221743,1.82629913880935,3.37427469306995,1.45763291348517,2.01043507438896,0.00144653957200518,33.0811609594786,41.3491360929751,2276.219,1.26354020217588,0.65646087846615
2.58933327736404,3.31,6.47819428954209,-4.64712517445739,0.236699757138946,449.719,0.874906132281725,1.12894275493647,0.783049838817502,2.43154034507053,0.308075439029465,1.82535726830427,3.37045185134432,1.42871493237998,2.01038215331272,0.00143410388854065,32.9102781968988,41.1708210715991,2248.344,1.24797617068429,0.648374726741135
2.55462106100902,3.31,5.78850042282769,-4.94196333910095,0.233773171879587,440.078,0.886705302184009,1.1202537738331,0.770952963646264,2.40287863995244,0.296475495794485,1.82644096180496,3.36502458535518,1.46319184884849,2.01053247900297,0.0013773629874056,32.842835217756,41.1726761158876,2229.203,1.23212028779433,0.640136946263023
2.51737836451376,3.305,5.96859417356538,-4.39702981257006,0.242620731046503,431.031,0.881452183396392,1.11387795033195,0.762109007500181,2.3732861458762,0.284745282288762,1.82645708833292,3.36067210603983,1.5111178714744,2.01047548968412,0.00137532403392224,32.8063352190198,41.2352372606379,2220.266,1.22711376662135,0.637535853490815
2.49975337356514,3.305,5.54155459895497,-4.57477919588558,0.240653353978994,430.578,0.889157973391359,1.11039160492389,0.752021820448827,2.34326512417259,0.285123474421688,1.82902690343712,3.36132282947687,1.44129527391417,2.01041089834207,0.00143510977553041,32.7672865950629,41.1343787992764,2201.391,1.22173975813774,0.6347438360117
2.47430798394346,3.31,4.3234343285637,-5.18331857051655,0.22756359906862,431.11,0.912633464455117,1.10349340077295,0.746451484520975,2.32548343364703,0.278531339654747,1.82745057677977,3.35803949067601,1.48494339408517,2.01035639092206,0.00148838186052479,32.7817723248543,41.1758055696084,2191.719,1.21110267891517,0.629217437754856
2.46334773333313,3.3,5.96219750762353,-4.28593540312045,0.22564001268141,421.328,0.878981813510427,1.0987422988493,0.738586264385437,2.31563765973905,0.271670597287891,1.82975722507035,3.35578676045353,1.49378209724218,2.01018679447962,0.00136317968781586,32.7394966952825,41.1692440821396,2182.188,1.20561597651317,0.626366871170194
2.44194755612453,3.3,5.48231822824192,-4.20817706432196,0.22407289421999,430.906,0.887747011304727,1.09461431508737,0.733020457427531,2.29528386424263,0.267314970457016,1.82863534099597,3.35401737938871,1.50162463893132,2.01043959596499,0.00147715846738623,32.7474214184913,41.2096317752785,2173.328,1.20089362627173,0.623913416834047
2.42400437766468,3.305,4.52801114127047,-4.80052476930472,0.233652542046151,421.672,0.906600598930584,1.08915213145408,0.727343454524673,2.27097949387515,0.272135816071792,1.82775760459901,3.35423178926511,1.46344216246759,2.01058052037322,0.00148503397440441,32.7716859285065,41.189984263727,2154.781,1.19059039855583,0.618560468106523
2.41466388081074,3.3,5.29042471962439,-4.17959242637918,0.221687861501285,421.797,0.890452150262668,1.08474046765039,0.722106992322515,2.25976933854252,0.273906063019942,1.83387282598894,3.35405639367156,1.45416087019214,2.01037672425839,0.00136587214371859,32.8105980310677,41.2050853359419,2145.312,1.18517925104194,0.615749155380294
2.39201714294215,3.3,4.8101092534177,-4.370319161007,0.220090616438244,421.312,0.899454958598221,1.08019709166896,0.716006168916324,2.23569865858994,0.27153902539538,1.83340376802721,3.35312293113203,1.44811243078069,2.01021639717933,0.00149774272949049,32.8539414934431,41.2335153230603,2135.609,1.17967068181446,0.612887228084324
2.36929342214108,3.3,4.55987390709567,-4.32491670220996,0.217830354766454,412.032,0.903771439525312,1.07432166759105,0.708681387399985,2.21870587673222,0.261766625349759,1.83093547672176,3.34934064472859,1.48156010940978,2.01038003996565,0.00160642244738241,32.7797061673874,41.2374493908935,2126.297,1.17459528367539,0.61025035090764
2.34577610717953,3.3,4.55764967937035,-4.27483367059269,0.21570871577851,402.875,0.902854120105046,1.06590926078948,0.699965237285482,2.18627506152407,0.27004347455371,1.82642676548686,3.34654063307017,1.4252905333473,2.01062988895821,0.00163202727901238,32.7213462202686,41.1117309553156,2088.922,1.15381833159625,0.599455873462257
2.33282993359043,3.3,4.14595314531478,-4.28875052733735,0.215469794848103,402.875,0.911138975764646,1.06547540285361,0.696986996624178,2.17150832396281,0.268240254665608,1.83395747565775,3.34940234769772,1.42487785208752,2.01055878629023,0.00138006885260561,32.8322142141758,41.2190959694987,2098.485,1.16440095573723,0.604953980074219
2.32057008396884,3.3,3.88447440090834,-4.38510049864982,0.213885942436221,402.75,0.916303445697603,1.05888042797768,0.694240988591845,2.17412532868088,0.259316657935195,1.83329171004588,3.34486303412011,1.5080144714122,2.01052635050753,0.00165737419167996,32.8889160298287,41.4208682371323,2097.875,1.15879749479161,0.602042752644749
2.45171398738137,3.32,4.27606315954182,-4.84425970818044,0.225842263077386,421.5,0.912794412775101,1.07941815762652,0.744286773052126,2.29706229322727,0.325146706532096,1.82953679097794,3.35744980240512,1.42491512033226,2.01076919317387,0.00123823890563382,33.0554643566932,41.0174627468871,2126.578,1.17497488347692,0.610447568549585
2.32716760296731,3.32,4.08717003665566,-3.83288218653868,0.215261713765675,403.11,0.912185739620898,1.06208611589321,0.711976032891335,2.18122279180667,0.240230285930552,1.76110438296667,3.36446002227172,1.51641184660412,2.0113482484313,0.00155703660548076,33.3008878085071,41.3626376617417,2145.172,1.18567523279294,0.616006838210963
